id,PM2.5,
0,9.976439989541172
1,18.544171003359438
2,17.249941072569108
3,10.19294497103959
4,7.085431331547424
5,14.544418838899794
6,20.751442048423865
7,16.465012821084027
8,10.324307640074764
9,15.063441273703745
10,58.312383808524594
11,45.81478185308744
12,48.790130831292615
13,52.43678087188455
14,42.45857088808885
15,19.171491448301882
16,33.950025852241104
17,26.5283996448246
18,16.04975611987786
19,59.271318456996404
20,48.89877753071803
21,17.165733215699554
22,24.488298191685427
23,19.75640781277997
24,12.539185981610228
25,4.62636759354352
26,6.394645660629642
27,6.536670666349126
28,16.843324662642377
29,2.829805116025799
30,10.049666921811895
31,15.117417860064105
32,11.969801068344879
33,13.202336097520199
34,29.298971813740586
35,29.163742444913815
36,19.22070194225227
37,19.556718545514826
38,30.142230885112795
39,18.786249773324677
40,19.87591008665369
41,23.996916400865988
42,26.04299147043729
43,13.967716597499393
44,13.484897249459522
45,16.739099071106274
46,34.11932287117255
47,22.761975205488262
48,12.936305302857942
49,22.129861309242912
50,20.170239032904714
51,12.885814110902146
52,17.988823695426905
53,21.705553018442473
54,19.199153805439504
55,40.77837885680434
56,37.369497074273866
57,30.71095809756747
58,33.851910937719346
59,34.99690429956794
60,27.05818599697075
61,29.92185272482049
62,27.908963763105078
63,23.77335189108274
64,11.929316856292301
65,8.916060608995243
66,11.615977801400255
67,4.327938760570138
68,14.441051383789269
69,24.36305885270214
70,27.42319053694697
71,24.11845997130888
72,12.333200555648546
73,-4.836687791583866
74,12.960133628494901
75,4.466053926849128
76,7.1027531648716025
77,20.217175677133746
78,39.48802741424943
79,29.429955817296623
80,36.99864907199678
81,47.780063416342564
82,36.27861166447078
83,25.55486644721381
84,17.46311644780517
85,14.154712975113565
86,16.16805322178306
87,8.892195246122284
88,22.43638156221873
89,19.05431090949711
90,11.49103961198748
91,18.895260934954234
92,24.191349841520996
93,4.902882162402957
94,0.4089892605670009
95,17.358527029202914
96,2.8370412394395608
97,4.421405243144594
98,14.013200501297185
99,7.444211193851192
100,1.955751434415931
101,10.067278561628452
102,11.496565339672044
103,12.491928029995421
104,12.624738132818369
105,34.78094178702378
106,32.86508248555889
107,35.5228078861363
108,43.79222114339628
109,10.837499272575506
110,12.02373000177051
111,40.52982181194364
112,34.01652443260309
113,41.399923096150566
114,45.76926804221758
115,42.92669191343504
116,45.09967199381578
117,42.268815705471745
118,16.006184333524303
119,16.119932438168888
120,27.45930553664545
121,18.764634944246573
122,14.16652709245438
123,12.673680143258117
124,15.010214483681537
125,12.553163559264888
126,14.399450481200983
127,13.254508309236378
128,8.350974108741154
129,12.711101638114389
130,18.439719321024036
131,13.771021208598423
132,12.301993701787882
133,9.448112043678115
134,4.399576029840597
135,8.37571005258429
136,23.396501337042338
137,27.75895783847158
138,24.410620213952175
139,26.984976727665597
140,28.09329453822157
141,28.53999414011028
142,20.399381275923997
143,22.069761157605345
144,25.33630471673797
145,42.17740473628682
146,43.02465250296375
147,43.649279254513964
148,62.152311291121386
149,58.99719400086472
150,45.35049543042809
151,42.50570727617713
152,51.2546029258238
153,47.29755998638246
154,-4.358925284566869
155,-5.62681770860636
156,10.58906588682897
157,-2.23337220466027
158,-2.912702307490502
159,15.987184021109272
160,2.110409236738805
161,4.084969049494234
162,-3.758769242116778
163,11.25959998270546
164,3.5588547038741254
165,0.7921457607314721
166,13.638770160824972
167,11.944886691834053
168,6.0178690002565425
169,10.368957256463379
170,11.978568386801882
171,11.842767390237976
172,22.548642024874923
173,23.875828116870025
174,20.177776146509363
175,22.37070147025117
176,24.150190480547117
177,23.637461975245238
178,25.588400562471865
179,31.08972561417206
180,31.21070877436582
181,38.994057414086754
182,42.07647735084439
183,45.56060218408635
184,40.110210685215165
185,44.151741021933766
186,40.6139861708757
187,43.46368462864354
188,51.54187663062378
189,56.099799877865706
190,1.3948800888712682
191,-3.3867629702417616
192,20.33591400760263
193,8.215840165893654
194,7.216901587043239
195,13.56750527714565
196,9.940416331461204
197,5.483313778758944
198,6.830049963455121
199,6.375662772300508
200,4.695435435066248
201,0.6745545504303152
202,12.878658977175114
203,24.6907077558077
204,26.70841749971549
205,21.818666167475897
206,14.21510948948277
207,13.338136234688033
208,16.524447339506814
209,9.808844674513406
210,9.004839674229805
211,14.031443611855696
212,6.299198545398831
213,9.8228745640516
214,5.637035006229343
215,5.859565434019096
216,10.086633261944677
217,3.625700995009728
218,6.813393729962858
219,16.669895602672668
220,25.48237521429076
221,34.923940971406275
222,30.03919288375831
223,25.820626922451837
224,25.51337330988612
225,28.806263645459914
226,18.625212162486743
227,1.2792774503663011
228,11.920264983964763
229,12.841410725632215
230,11.512042574285905
231,9.432433509619521
232,13.70913127588906
233,12.268810975237187
234,13.105702515502827
235,74.92390104512623
236,71.52090604159028
237,44.41914508673248
238,52.15712068501431
239,41.858164993146175
240,40.16461111235371
241,45.002683614658814
242,45.614647939869904
243,46.14999890464735
244,7.322114314742841
245,-1.0042589594907767
246,22.92956715246487
247,9.402734263334747
248,12.845761871778741
249,16.7152310750583
250,11.331507832336065
251,9.648180919854898
252,6.726335795478146
253,39.21208526322247
254,43.1510600590666
255,30.488965668411332
256,37.74462353927601
257,42.39561462618977
258,46.916272021652865
259,46.271071654065274
260,50.25563878415099
261,44.13544061284798
262,23.221090602563315
263,30.265003680108137
264,37.59825099452004
265,28.157258974256088
266,24.92889964475949
267,26.28414128294647
268,18.84011567217812
269,16.92975527455544
270,23.738476181460843
271,23.084794487963173
272,25.64810295215279
273,5.229723674354311
274,14.515555493146806
275,20.64535449672391
276,12.847999995139418
277,5.5699950473325135
278,11.601560966452283
279,9.382943755121481
280,5.834118250705419
281,16.866411987006117
282,3.3297346565088217
283,-1.0957832050132978
284,5.082864395949247
285,18.324830601038578
286,2.748525326583625
287,-1.9766648541928546
288,0.5771544192835574
289,58.35338845570033
290,54.88178680971894
291,42.81072867817478
292,58.83740618977019
293,40.67362012042128
294,23.291499111011554
295,32.229583439980175
296,35.80721017453573
297,13.307155048913216
298,47.84779172259624
299,52.40938698247
300,37.89516117104693
301,28.90179894266133
302,27.88859020245492
303,16.42088736705817
304,30.376711255579146
305,32.893779702724245
306,22.539550081384757
307,10.825437406100939
308,19.046415050400505
309,29.22406252352637
310,30.32876395423464
311,31.345959472480033
312,27.429629078530443
313,27.472494625731496
314,22.40081460344735
315,26.19639647991505
316,26.53947037834368
317,22.899202126335176
318,21.161364291805583
319,24.341930199470543
320,24.999896290885594
321,24.281369396968117
322,22.472321926083193
323,27.51450056755586
324,32.402474712166274
325,27.130856875773354
326,31.192718543201977
327,38.72761350060987
328,29.234940869711096
329,36.307974572635594
330,38.55945898607187
331,31.267319714139468
332,28.20943191658761
333,27.118463560380007
334,10.023708422479285
335,17.76221554048893
336,26.39099330783352
337,29.14761815322489
338,34.415382061745994
339,46.257206027821056
340,48.033981761710585
341,37.094640531509384
342,34.89564089824764
343,53.08130954284955
344,44.13629153985162
345,30.954327653172477
346,39.96267527783461
347,45.19249513442078
348,38.288566083791
349,36.54924148637495
350,36.24555990731978
351,25.121821543709817
352,13.114257227169247
353,6.598405132171376
354,20.640695520338
355,14.134671076657298
356,15.183300131825064
357,4.818782280550121
358,14.489443378534162
359,10.318796780382494
360,7.890738100245114
361,0.5379229790129214
362,26.4759337715143
363,30.0183288160992
364,20.27033325699986
365,28.929161194718034
366,38.73635035189776
367,19.694285774409597
368,24.92934819888784
369,30.71347584918484
370,4.686800933466408
371,3.5258257471776027
372,24.550833007164314
373,21.884463757295666
374,22.016148929979302
375,27.34417714295465
376,40.438918547858286
377,40.48234193924815
378,22.586380120548274
379,28.96445786912235
380,27.97081225050178
381,23.897299905997777
382,27.260914407351372
383,26.563339509510506
384,32.174820184238676
385,32.95468353512455
386,36.40644402793944
387,43.42903114881938
388,12.176194224454331
389,10.656970398560684
390,28.700853864445605
391,18.592643349612533
392,14.04930689317042
393,14.284101163074986
394,10.15528789900683
395,9.783222149522313
396,13.196789718421464
397,5.256370046466186
398,7.067275933203364
399,19.040376090108566
400,26.254636177469827
401,24.642222864174947
402,35.56973828271717
403,42.57041266315186
404,28.136142188669297
405,23.492936792181066
406,11.777464039798316
407,3.2038365720541897
408,16.931111208823282
409,16.471747646514885
410,12.513860870563441
411,9.871336647997046
412,16.254211722947208
413,14.832045256393855
414,19.102951354079124
415,16.05274296538229
416,6.108019496661489
417,15.401409364175489
418,9.97436125660391
419,10.586321747103312
420,7.65462446151319
421,5.90863396442937
422,8.53677581154152
423,6.813212250274287
424,17.74122689309736
425,14.185879212091109
426,22.35369431592635
427,14.880006505847206
428,21.95982669720195
429,20.274170560578238
430,24.479349154489995
431,12.820801536878925
432,19.043902967347222
433,5.005175383816743
434,15.253107088457153
435,14.618642104437416
436,9.988354000680499
437,3.751738528576225
438,22.76845094868367
439,11.300883587283591
440,14.94342158204693
441,22.82223918155691
442,28.575122156298036
443,29.28733799815096
444,31.565360163933157
445,32.32622483395797
446,30.56991819721081
447,28.705966016004346
448,35.713539233090884
449,31.29783425215001
450,19.117389724407538
451,10.406518115476244
452,11.421719345821412
453,-1.434338615092182
454,6.377700847643387
455,8.76558641309133
456,7.033010473001141
457,5.093825204931004
458,7.259664185406141
459,8.925619130869805
460,53.662256578364115
461,66.63861933057916
462,48.52515660998427
463,49.00432557298934
464,29.191127515469468
465,29.056202077560606
466,36.412503407957594
467,28.368176082623798
468,12.78368637815996
469,18.63988423849608
470,35.27234409150589
471,26.9582534822572
472,27.81586005136455
473,35.892613612031454
474,37.83447408293398
475,29.20903896413013
476,37.710184713736716
477,40.33021070458873
478,4.894365235033476
479,-1.133629959773387
480,11.775540796503527
481,2.822934353014851
482,0.10935642157375014
483,9.211461652088698
484,9.326903427771285
485,12.367593059262838
486,13.121495347345537
487,62.56353524549426
488,56.15603499212
489,32.350415133227955
490,45.640625572871535
491,37.05135173167792
492,25.734051091895733
493,27.56774077464476
494,27.50372415898112
495,29.258006161047362
496,13.817084555448957
497,6.212599880663419
498,20.995468892657527
499,17.796670666846424
500,15.518102408925056
501,13.36482437725709
502,25.162417024539877
503,24.51311829307242
504,23.784326288388293
505,21.009430993818473
506,17.184823052298057
507,17.563658821897622
508,14.978371659682551
509,21.155409537162484
510,16.46807181633619
511,20.556100770187324
512,23.714731684021046
513,17.869771910631098
514,31.92323646360078
515,39.64904375005522
516,23.630367265047358
517,29.24107633551955
518,32.66314709250429
519,41.94689723887377
520,38.58087440004194
521,42.459081991834076
522,42.0498968489997
523,20.05211837007806
524,7.457040088209201
525,19.888599892989077
526,9.449714212336119
527,14.063344247180652
528,14.004432154939433
529,16.030634912235556
530,17.454244833339125
531,16.25682533986162
532,-8.779206640546548
533,6.535377163379906
534,17.024960346494012
535,9.257817377538036
536,8.346587119487971
537,27.974302928058094
538,20.795182918820935
539,12.802033999490728
540,10.449095163293883
541,55.185988832484334
542,56.64492220904989
543,46.1681294068492
544,49.23284003381945
545,35.52786574889543
546,10.107127381311784
547,20.05116290505653
548,29.436313764095836
549,29.441641087199592
550,8.452863537309529
551,5.217083965242471
552,12.65738759508832
553,8.465777913192284
554,6.713331861888996
555,6.320275759300914
556,7.486245983584947
557,13.98884773875152
558,10.008733446155698
559,19.598869523967252
560,36.103727156516555
561,37.75106958877182
562,40.14500441091647
563,43.05617932200361
564,55.163758277383984
565,42.68027866052194
566,39.72320618364638
567,35.943644715270096
568,24.344434218598145
569,15.064571800382542
570,30.306711678619415
571,25.603687925211204
572,29.601087070184718
573,14.16096666862763
574,19.294896065014232
575,17.559673237884297
576,10.600720695361254
577,26.73077312224293
578,29.67123859860127
579,13.322633855786535
580,15.35605117625126
581,18.41024996206145
582,18.39195198860869
583,12.340256358723845
584,11.034006814927963
585,11.698800617926231
586,63.084002798976265
587,56.0264913574966
588,23.904340268501276
589,36.602381547158906
590,43.9877106496782
591,27.557170845091534
592,27.893477442032633
593,19.15870067127875
594,12.047340845075666
595,9.090358917327503
596,2.028009786620582
597,-0.26706781908111044
598,10.177851608760495
599,6.689014321659842
600,-7.652512743348405
601,-2.1721364036645596
602,4.85107408646542
603,-2.170796807739027
604,49.03093945634893
605,57.82070558227884
606,30.287221869841062
607,28.594610208597302
608,31.68560132259612
609,40.61422785012271
610,39.73792566670651
611,30.72502702587449
612,34.94934116996102
613,9.96523272000746
614,16.503207543020423
615,33.201361855291324
616,30.93471718902586
617,37.547944656229156
618,31.206827298738062
619,34.79189210586456
620,38.75453218212771
621,21.488760048860968
622,-6.33883509615854
623,-0.5727079610768762
624,5.902345284569034
625,0.4925985313390715
626,2.0949263461571954
627,5.053283260230078
628,6.990798293917575
629,7.768992805379973
630,15.045483797644238
631,31.857478613916633
632,27.77917353045098
633,10.089664600013947
634,16.335998338163993
635,14.898135981544083
636,20.681479583719792
637,4.77241778129682
638,13.492177457990657
639,28.309044151430555
640,34.48219076362284
641,38.854110752106436
642,41.60516563961842
643,32.237880849298556
644,41.128866657546546
645,42.173974689333996
646,40.681460159748035
647,44.1518208721389
648,38.638827946314855
649,1.2680643580555788
650,0.9511253817633403
651,21.54971004764111
652,12.610100806405288
653,13.116973914048764
654,12.819320490206565
655,11.458194741196161
656,4.033109336768238
657,5.288469080406868
658,15.075571679550926
659,15.765516948679036
660,16.53098063502972
661,22.611926787872928
662,19.64819616444337
663,4.433645963621121
664,4.740118413598154
665,9.843951042933053
666,11.932911676135816
667,24.182997148645867
668,38.06605849068803
669,20.70342197071998
670,26.30172310524539
671,24.852149470393716
672,21.014213912929918
673,10.734216447925192
674,4.1484932815266085
675,5.529010820579984
676,72.19366771114221
677,54.9445339990284
678,20.857706909454496
679,25.965610238792262
680,28.643945925553183
681,8.97599134050209
682,32.72315312647054
683,38.07321626128111
684,29.846360929631736
685,30.326418921777467
686,36.32262550211772
687,31.068675644586072
688,27.029306219343226
689,21.378593628008286
690,20.278307449139113
691,19.796494359849437
692,22.06226227759937
693,11.928037078107508
694,16.121181423923815
695,24.949015342932036
696,37.26009761393032
697,53.5032756639237
698,56.593949191999805
699,55.56564228746392
700,46.61736518895698
701,30.464686198421354
702,16.658888908196836
703,12.730721411079863
704,20.057260982039402
705,19.83517778916347
706,21.420489977314787
707,23.737448269189034
708,15.586407136311585
709,15.313278588864979
710,24.454512461411447
711,16.46807181633619
712,18.957422122155332
713,19.976567296147337
714,6.619054789746864
715,7.69595769090661
716,7.444124553388413
717,4.680552491257945
718,11.377978533427294
719,17.71310537367843
720,18.89386354420452
721,35.23683814364942
722,24.727542263691415
723,4.299189431872854
724,25.382162859141776
725,19.604874283019043
726,17.821304983140706
727,20.21422555957308
728,25.30945178661285
729,31.809597003096542
730,17.815360843547786
731,32.700352450052534
732,40.77877569227967
733,34.81072390487654
734,25.099018169399027
735,19.66380688454073
736,23.622228577403423
737,18.95674910964675
738,16.22971247412959
739,28.160872395520215
740,20.60271005900075
741,15.82045518600405
742,28.049313298762335
743,34.75829630878734
744,33.14668166194151
745,43.786113667166916
746,60.51523415949509
747,69.03053726068316
748,-5.655785314153462
749,-7.633917876794587
750,20.85648066078266
751,-5.349049317345479
752,-3.1209598802415925
753,23.02428327712874
754,13.474544584624589
755,17.423987928101162
756,26.344502011722913
757,19.89357497429411
758,25.336512746467154
759,34.29149517686717
760,20.32599545647247
761,18.1580022480563
762,23.773427206216937
763,23.499717282732465
764,20.784402436519773
765,21.98348882032777
766,28.321450499714075
767,22.143980511066122
768,22.539203699024156
769,22.11343149004105
770,20.091517101721976
771,22.0679574086141
772,27.94327780216026
773,23.10773445240741
774,20.040129972560838
775,26.892114316121813
776,28.844629533497056
777,32.51753561310337
778,31.823810835055077
779,23.870198944154314
780,20.60250135166116
781,16.050318319478645
782,19.78184482551568
783,24.558098375478092
784,7.580053595510435
785,-1.2451688481790075
786,8.883246193373193
787,9.13757031528504
788,17.592930737251834
789,10.483496739512129
790,20.97907682042075
791,24.652756819683336
792,22.031572124634692
793,30.649606082084723
794,22.20190194974971
795,11.170329535799532
796,23.411552082704375
797,21.707735474326206
798,18.054556527996063
799,16.79485667584835
800,17.113241043315362
801,14.909364748339321
802,7.82657422114983
803,5.178726239331269
804,7.634079638783604
805,23.548608770864114
806,22.418113819440325
807,34.64975118813178
808,23.190471959098645
809,19.832881710387092
810,23.557616683251485
811,-2.8985168944220625
812,-1.3859208240260337
813,8.502356786525345
814,12.446326137903775
815,9.849487323735737
816,21.36171101533063
817,27.087040754663366
818,34.01782508997876
819,34.267851263080786
820,4.0160932031128524
821,3.528159929072096
822,13.348260114097123
823,8.84565560122287
824,7.039180483370108
825,18.544510701183608
826,10.100168540455208
827,10.013045390390479
828,7.955416188821948
829,29.029124923909094
830,33.14294853746333
831,27.88748321764707
832,13.095470791455117
833,10.396836167313086
834,28.509489049421674
835,27.12146012229379
836,26.149221882486422
837,33.39272876929112
838,8.03073416969471
839,11.934259134880325
840,9.067234712803566
841,0.5191130402716837
842,5.362938416982285
843,16.6197424903383
844,20.478906674486623
845,26.921343650824284
846,33.63363295643416
847,10.209989669690081
848,-1.5668747535486158
849,10.722168803458228
850,9.631530118579011
851,13.437442846710795
852,15.903176172632044
853,16.72168394509108
854,15.131743144051036
855,14.201676747919173
856,-0.8253075295459702
857,2.7913762708001286
858,9.714607029000927
859,6.499687388401178
860,12.546044340457748
861,32.27169177949215
862,28.638084037617666
863,33.25323494605785
864,29.914445795725797
865,9.767647331157107
866,7.160248816333082
867,4.131595586678031
868,6.171530248111955
869,7.327912531955448
870,9.196828323464239
871,7.916559952812905
872,9.755183102379895
873,8.447755584822893
874,23.507403767993047
875,20.076639053842833
876,13.290822919612907
877,18.260907558950972
878,19.638482384517122
879,12.725525396190648
880,18.486768673161414
881,19.640877325262238
882,19.56245882692049
883,20.129355723507633
884,8.430770959047589
885,14.12987337872245
886,10.623693739060204
887,10.758767114090382
888,14.394896188919414
889,18.535507918839777
890,9.679978122590313
891,8.477885918976344
892,16.442211352328293
893,16.984623697726473
894,8.606296634812772
895,14.793766016760781
896,8.28602356283708
897,-2.2934470276171837
898,8.730182534511993
899,16.568735755726554
900,16.642858350405145
901,48.60070261059125
902,63.213296815464865
903,32.88951249645641
904,50.91354780889656
905,50.18198332661086
906,38.78062744491688
907,27.45525363420439
908,24.011719388868947
909,18.8473989391709
910,7.543275768902554
911,0.15127872549659926
912,13.324523816922856
913,9.7008288065065
914,6.781776135133043
915,5.149998662382936
916,13.84970068655472
917,12.870182281329537
918,7.821715919534263
919,9.620186309252098
920,10.522083098756989
921,13.046271259983754
922,11.263902601225919
923,11.398799705002848
924,8.92272197245208
925,6.76727792026389
926,15.791239363228485
927,12.45118203482403
928,38.26398429309376
929,43.99942270172064
930,25.635374001672968
931,26.27383050136965
932,24.958180633844584
933,28.617382728041868
934,11.710622745394852
935,14.25186413413994
936,17.552166425066837
937,14.13798882419173
938,5.944766493805318
939,8.75304114144321
940,7.444049586203114
941,10.686175478328497
942,-0.15565034322263793
943,21.395750499652546
944,30.69913939920945
945,28.252921942255824
946,10.949275054806435
947,16.419163839282547
948,12.176392779127116
949,-0.8152975102222797
950,7.5402585002544065
951,36.728567055351924
952,20.973344587919385
953,22.698240482257333
954,26.241151112734066
955,13.226994710073214
956,14.925833690311634
957,22.69625852694355
958,22.373922158566735
959,17.304430056366947
960,13.802338129688174
961,16.946591003600723
962,11.292919912525177
963,4.101264245948524
964,25.427557320348733
965,14.087055558606814
966,15.240801535835523
967,21.63430624661693
968,21.328602338141422
969,1.1502932968607995
970,16.403680859672576
971,11.575620460175372
972,1.8652464710367065
973,19.589095237087236
974,17.739837943397003
975,16.306433366631822
976,28.509931214066235
977,34.90936004494975
978,41.85784415982763
979,48.72339734802871
980,55.891471220750184
981,58.582037823369724
982,-16.70117088764308
983,-13.113700156237833
984,14.806566409035725
985,3.8374670350960045
986,19.02629035131582
987,45.456415131891895
988,29.72389581878806
989,26.224576273243468
990,34.09619572361048
991,13.769158845478099
992,7.40769842267747
993,24.91270501556033
994,14.550784301762356
995,10.564208009994422
996,5.679137980672483
997,9.754978206278617
998,9.252942622996798
999,13.573827810246673
1000,9.622319486456723
1001,24.03202342220031
1002,24.386587271010818
1003,17.51556472915309
1004,22.640973721908644
1005,27.47539657967704
1006,20.1476435225476
1007,18.770366791800544
1008,19.218530738456998
1009,18.042673538654036
1010,15.738496826393444
1011,26.84038826241021
1012,26.094222699323264
1013,31.322112295444256
1014,17.45634735177649
1015,19.9916339955573
1016,16.134532046279237
1017,13.515541960522306
1018,-1.2071380566279117
1019,7.411840889797132
1020,5.557009741815634
1021,0.26322416004071325
1022,5.879720265786563
1023,14.5439433743338
1024,8.79419429468113
1025,7.490895250245432
1026,12.927823887395284
1027,35.780612799193236
1028,16.726575765807148
1029,3.3740315895753774
1030,21.340133210998697
1031,17.155332287281365
1032,5.387950014083838
1033,13.180312918341738
1034,22.932317179011925
1035,16.255603976096282
1036,7.056220248395695
1037,7.978214931650616
1038,19.024212466849796
1039,12.129752648986695
1040,13.09587449738056
1041,11.078038019240257
1042,13.004055996251871
1043,16.242487195889304
1044,19.00162748288867
1045,16.04420752844055
1046,16.2959334202954
1047,10.124437396321065
1048,2.268173461980073
1049,-0.24766053312809788
1050,14.679643617498101
1051,1.976219023212166
1052,1.5174987851662793
1053,9.061427439186245
1054,57.60686961997581
1055,55.31300466828346
1056,40.992122198417704
1057,45.43386384298143
1058,38.91687583875604
1059,16.51688473668105
1060,21.978697913607856
1061,21.195364640394597
1062,11.735905597871142
1063,22.790694101397023
1064,23.542315447610132
1065,16.868711301914374
1066,21.587172779692175
1067,15.079941744295223
1068,12.28524976675979
1069,13.695496282927397
1070,12.52564865333748
1071,15.101405649634405
1072,13.744194483395603
1073,18.336974149443098
1074,18.512192756334443
1075,27.846088872071157
1076,23.899004235821735
1077,32.32541692372697
1078,32.360484341718625
1079,44.577488009342964
1080,61.79737397790745
1081,2.6864878935496463
1082,10.682344754861564
1083,21.92243315316162
1084,13.449686662520492
1085,20.393589564861756
1086,18.750897605517224
1087,12.479205886358962
1088,16.5569286564059
1089,21.683586786575866
1090,6.015942547374484
1091,9.288591126917744
1092,11.5558063571419
1093,3.892205326385646
1094,8.280632461875598
1095,18.86254353517106
1096,17.59863076837838
1097,14.481172378260254
1098,29.188482610283636
1099,29.792261323059087
1100,23.73493010060484
1101,18.019570287639176
1102,19.006794978689673
1103,17.876994023306175
1104,18.913451271735738
1105,19.313378583396645
1106,17.04475064585688
1107,20.59776025206797
1108,24.540375793817528
1109,10.67733249738283
1110,19.202651116679398
1111,23.2034532106446
1112,20.217509251166327
1113,9.082499405378474
1114,19.586041610101837
1115,12.602990365239378
1116,6.907742211041288
1117,5.624763047687573
1118,11.486542949557272
1119,8.269610065133305
1120,16.636359311909494
1121,24.187111598623645
1122,26.05728261039888
1123,33.52238154637591
1124,38.606000400715175
1125,27.841884625758464
1126,-3.625869835825039
1127,2.846476309512516
1128,11.660823534920343
1129,4.24533309443717
1130,7.991249457301375
1131,8.758689617250981
1132,15.188277407759152
1133,14.653532963649152
1134,10.343470374440887
1135,21.997495721532697
1136,30.895664918298458
1137,26.95747563562235
1138,28.68985433380437
1139,24.151965596262123
1140,18.716939956725128
1141,6.084486754996821
1142,5.198243354605859
1143,14.235056352792466
1144,55.81142937205929
1145,46.18510225953178
1146,20.884157897498895
1147,31.221446582685168
1148,30.426046266398636
1149,32.955712042453776
1150,29.910849292720393
1151,25.108546807288235
1152,26.38314111135803
1153,45.91319960411389
1154,36.78968346161995
1155,22.936377052860816
1156,39.635486072992265
1157,46.562525527006365
1158,34.41221861281249
1159,44.94345173910535
1160,46.689623616356606
1161,46.95670807388539
1162,12.198464404145582
1163,18.088640736007566
1164,33.208656136790225
1165,18.90413392243026
1166,10.06922233738341
1167,19.591805599382454
1168,14.790127415681575
1169,9.179993642193267
1170,18.4002253804434
1171,42.99317149201945
1172,34.30187073500523
1173,35.31877026656166
1174,37.50602371933157
1175,27.711251822196786
1176,15.428889113614225
1177,21.46756486899194
1178,24.523299790468023
1179,19.82651176754998
1180,16.798752263854205
1181,18.595887153401797
1182,17.317820790751178
1183,28.10610436125328
1184,35.215863312686515
1185,48.62508125382684
1186,39.13774976046968
1187,40.75324056185705
1188,44.08115384356984
1189,10.973121001714343
1190,6.7519008387077335
1191,25.38614852689059
1192,17.011888612880654
1193,6.180218135897782
1194,14.157270146575257
1195,9.797764418297572
1196,5.154866928857896
1197,10.18464410806851
1198,5.482719791389192
1199,0.69332313116373
1200,6.817358323104468
1201,4.631239302345257
1202,6.3782274341380365
1203,7.131811498524161
1204,14.500216183558265
1205,13.94091109427631
1206,15.222513037532941
1207,6.169799136594143
1208,10.938483392448102
1209,7.74437213502393
1210,6.795928620935854
1211,10.930266649180457
1212,14.051520786804446
1213,14.381597114941929
1214,8.018998836277547
1215,5.984743210770578
1216,30.975326144307267
1217,22.33977868108061
1218,11.155567085902504
1219,17.62144134255195
1220,25.743209041297916
1221,17.823772126486645
1222,19.91463014453214
1223,19.005449825183646
1224,12.42143571917665
1225,25.132536546138354
1226,19.815612242038966
1227,-7.004649998997525
1228,16.182467012479105
1229,20.383523943393257
1230,35.85206737592443
1231,40.77841192616792
1232,43.98546210774128
1233,42.84878056065543
1234,5.867887579361579
1235,11.501658765950353
1236,24.429853175381826
1237,17.99281925064983
1238,19.791123324647174
1239,31.214487609078624
1240,13.297272375633007
1241,11.418706158741056
1242,17.59245672423703
1243,12.076479998127624
1244,13.869447346581595
1245,9.295578702269685
1246,9.58903827015682
1247,7.838249785723564
1248,3.7707326082903556
1249,4.967021958872252
1250,0.806172651812255
1251,-0.7631747555269488
1252,17.819518810214312
1253,19.231934636134856
1254,17.934121536676926
1255,11.701453169870655
1256,4.562301711690582
1257,17.255349749563504
1258,16.0862444388669
1259,16.212593872551736
1260,24.863984336970276
1261,16.07818221130301
1262,12.184282873783808
1263,19.28596251125375
1264,23.552756970953034
1265,18.570335322829948
1266,22.770265813512797
1267,16.27852629751203
1268,18.048620536075305
1269,17.635195243181812
1270,6.31009035698337
1271,-2.9378434160221083
1272,11.088857955695753
1273,10.34922513716617
1274,8.6244729964352
1275,12.691497225579564
1276,31.516444580868033
1277,25.003437296013256
1278,35.11178593313773
1279,15.149796973813842
1280,-1.434233723044148
1281,7.840230746524275
1282,0.5489032614749014
1283,5.794980450489451
1284,30.170209551673743
1285,41.70120262617231
1286,31.95200752979968
1287,27.388608241207137
1288,11.360819653042284
1289,18.95902452097898
1290,6.9678110162615
1291,11.090681947496257
1292,7.456444807222958
1293,11.683351713358977
1294,0.9836470556906489
1295,5.148420818382448
1296,12.50836716346798
1297,35.07761062997205
1298,30.007565427299625
1299,24.39179953194956
1300,22.90468709511608
1301,21.98361379356398
1302,10.642691768465333
1303,24.332120766982662
1304,24.12049457102968
1305,20.80974401836593
1306,9.610672814336137
1307,4.530801706840791
1308,16.6793358442318
1309,9.159227948195905
1310,1.1789339246742383
1311,0.38148095783319214
1312,5.189354135193266
1313,3.5151271063538765
1314,7.543629042764406
1315,16.123068114440642
1316,27.7078018677512
1317,14.478885020128295
1318,29.381419693607533
1319,39.42463912318246
1320,56.581441999814466
1321,50.93000609866836
1322,47.983487482533576
1323,40.976126829245466
1324,1.564374977068411
1325,-1.498907710971988
1326,11.707228075849414
1327,5.898146235634247
1328,10.827129990079069
1329,18.504237767918656
1330,13.739040406527337
1331,16.52396624751762
1332,20.447893935817657
1333,1.7030323911944336
1334,7.991030052363591
1335,16.11170401278745
1336,25.910202313922966
1337,32.83523085885383
1338,45.4508742847865
1339,36.76284593335255
1340,29.601148794478277
1341,30.81258062316423
1342,8.644516264940933
1343,4.717208601505867
1344,17.374579071828173
1345,7.161783647665695
1346,5.610885539416849
1347,13.199925776720935
1348,11.374436565882524
1349,8.126835429144466
1350,6.745296519358071
1351,34.86681208707734
1352,35.09782860127951
1353,16.931614718593245
1354,18.843017133979135
1355,16.278370991654832
1356,15.764252747169955
1357,2.1556404110902125
1358,0.5688143625894728
1359,8.167003134340659
1360,33.032558940158175
1361,17.946602236559723
1362,19.52902028768233
1363,25.749367731752503
1364,17.861664203757087
1365,3.5592802471935023
1366,20.964195855028816
1367,22.65654297544652
1368,18.006480761423376
1369,13.026634647863379
1370,14.374358654353767
1371,9.382130176309124
1372,6.816260195417183
1373,6.545119765662095
1374,4.474913436711642
1375,4.667205722327077
1376,1.0961683145507255
1377,4.257199531434354
1378,11.511279241092671
1379,12.926151386707012
1380,22.741937221136098
1381,20.06289207842734
1382,19.62179464487528
1383,16.408464478097972
1384,20.86159638523292
1385,20.383454613147237
1386,10.683679200766088
1387,25.155482598364532
1388,43.60563384979843
1389,45.35965498434259
1390,50.2565014696085
1391,47.251732456585124
1392,48.24191563861419
1393,30.99270464472216
1394,26.819264638911932
1395,29.23433040079687
1396,18.001419907729296
1397,8.720109288506377
1398,16.803628594571244
1399,12.477953032742597
1400,11.022387546767408
1401,5.332951801172911
1402,8.638387674746962
1403,10.495855046457493
1404,6.403841588226117
1405,11.217925615115792
1406,16.606050032159057
1407,9.465489112310788
1408,9.536766802124298
1409,13.650028594924326
1410,13.846354353338008
1411,18.763445526820245
1412,23.67435543231836
1413,28.78959108885838
1414,59.46601414884789
1415,66.83010960208665
1416,46.083825560046215
1417,40.728018913339795
1418,26.73937466980695
1419,27.82245520327742
1420,15.097699391859827
1421,9.921391837295047
1422,10.115974959907788
1423,33.007811231817286
1424,24.342256526660485
1425,16.26622386394105
1426,22.520357868709763
1427,18.2408942513974
1428,13.225228868679633
1429,18.271067586809675
1430,23.779767716513213
1431,16.719255009822092
1432,31.682744610788802
1433,32.01346936009954
1434,25.636713350153087
1435,37.11005221361742
1436,37.612251767216044
1437,26.703602856091457
1438,30.54393039278063
1439,35.56337571187862
1440,33.257120095422735
1441,13.821876374179332
1442,18.85449659399145
1443,6.407488921174288
1444,6.292379628596112
1445,6.905452449407679
1446,21.398025446556684
1447,2.8628202413799695
1448,4.430789161898499
1449,13.52445923939646
1450,13.765635318922108
1451,9.478172983971618
1452,22.535303049209844
1453,10.830931866735126
1454,4.363408181950689
1455,-2.4313781458570674
1456,9.266081761400056
1457,8.71419682306109
1458,9.752480289227599
1459,12.831310304400255
1460,5.095872003955392
1461,12.931552020258039
1462,15.138813080793284
1463,17.184479654360107
1464,6.2289654773651115
1465,8.261820967212053
1466,10.599381473290205
1467,8.43784812861428
1468,55.02351062139187
1469,66.64054392046012
1470,34.13219395987256
1471,38.49457793972325
1472,43.32272125924696
1473,46.992441187689366
1474,35.039958509993454
1475,32.83985727652725
1476,38.84377553269443
1477,24.325352557496018
1478,20.824183716356444
1479,16.36825384593873
1480,16.409885430293013
1481,17.151302048216454
1482,21.266719018683048
1483,20.18151456534975
1484,21.040232851420054
1485,23.61896724689784
1486,4.289919727431984
1487,2.9236813887846385
1488,11.636064651045585
1489,5.428796683806127
1490,7.347074275397162
1491,-1.0030586852980794
1492,8.098953044897423
1493,0.5109873536972458
1494,-5.331415248750126
1495,7.525295932244328
1496,9.629854776860885
1497,7.9518406835751705
1498,2.6023231824330715
1499,-2.6518654866810376
1500,0.7588562886426562
1501,2.424860911455288
1502,6.132240798474477
1503,12.251426879052126
1504,27.365221138171037
1505,44.03065525974803
1506,29.582159139058128
1507,44.56522834688253
1508,57.549273026244514
1509,47.40609530024023
1510,41.93764304146504
1511,46.102214401213615
1512,44.935182509028884
1513,22.58965948896783
1514,6.836324330530381
1515,10.757667028083508
1516,10.112179655280983
1517,9.371308475786526
1518,12.15946444508107
1519,13.284089375740582
1520,7.113497161512811
1521,13.249653512305759
1522,30.33746196404865
1523,40.4741865235748
1524,31.24292430928631
1525,53.917481957132786
1526,51.38773995266818
1527,48.771983814230175
1528,35.756762837330875
1529,44.666947272145656
1530,43.51613318305329
1531,32.323645540023584
1532,30.667834533845273
1533,38.15853196045101
1534,37.43485775702768
1535,34.25805358680701
1536,22.401272769397753
1537,28.931541744704624
1538,32.56021462709285
1539,30.425991042457724
1540,42.8071287442322
1541,49.17360831041328
1542,49.6520964151457
1543,40.96051190930419
1544,26.260046318721884
1545,7.960336279980902
1546,19.282954392705427
1547,19.151832412451935
1548,18.635317716696694
1549,3.2280812284400078
1550,15.341555870486218
1551,16.270332141333775
1552,5.20317523542543
1553,10.551450023969338
1554,16.955888610376142
1555,9.24374689665667
1556,11.585913529749972
1557,14.691706779802153
1558,27.92840155306316
1559,43.05672116295424
1560,41.334391163174665
1561,31.41921892344356
1562,34.63518709678644
1563,41.858249190749646
1564,39.551080042337226
1565,43.86490703145403
1566,48.645982102524016
1567,23.045344473977522
1568,23.83052625824103
1569,40.00887021316706
1570,23.879179105310357
1571,19.708450856840923
1572,10.537612012888362
1573,11.211726693485858
1574,19.025759755674265
1575,22.38905078060758
1576,43.31046013246946
1577,42.41159189293586
1578,30.127158761596895
1579,33.32147766844793
1580,27.000041119695922
1581,22.48354929471493
1582,21.048674947336007
1583,16.492756067818657
1584,15.874405407638612
1585,6.532673081150431
1586,10.183113256220576
1587,17.613987821018977
1588,16.773008663569193
1589,13.658929120288093
1590,17.847131049642332
1591,21.00275845784458
1592,25.433137065700752
1593,26.98131247222125
1594,7.587369123861482
1595,7.602308539723008
1596,16.683957515001335
1597,13.574467135149924
1598,8.968315198026076
1599,8.524502949348665
1600,8.324136887330294
1601,7.369879838210247
1602,11.135189662177453
1603,14.068889114948512
1604,23.491175526877587
1605,12.365624605456574
1606,17.595167549751864
1607,19.627630443289952
1608,21.319130994247743
1609,19.440602140559943
1610,22.77756174933954
1611,24.91816118697296
1612,6.303287990510718
1613,5.7066421579562885
1614,20.871313652700454
1615,6.94562327612438
1616,0.2567622299149921
1617,5.486784600674508
1618,8.008581724884571
1619,12.241708919363145
1620,15.174791905512322
1621,5.14999061556553
1622,13.474849363020212
1623,11.220794713619409
1624,6.73344639176991
1625,4.168187924727874
1626,7.777637735137274
1627,9.87447531322049
1628,8.25912659648859
1629,10.807976555771766
1630,8.461128322189946
1631,22.645608479518838
1632,9.890443598399358
1633,14.431776921938727
1634,17.739383086865594
1635,26.339378250910926
1636,22.859586462687822
1637,28.242808563816688
1638,42.62756092653571
1639,4.61514350189594
1640,-2.8293785348891376
1641,22.61919499752412
1642,16.147612689574537
1643,11.902148452678873
1644,9.946840883700157
1645,18.44287932644312
1646,35.75598003883833
1647,34.244504207451236
1648,-4.0226392171298535
1649,-1.681271296303585
1650,15.64911211404938
1651,3.05064788297868
1652,-2.174636581224073
1653,14.316234076659285
1654,9.332511956072345
1655,12.033757193676838
1656,13.460212324991318
1657,-3.3532558125983805
1658,1.7563419435710284
1659,8.4249222683917
1660,5.074364749564353
1661,9.49980847493506
1662,14.764115179721497
1663,20.7562126760539
1664,21.060863291156146
1665,30.63450222776291
1666,20.395572027061885
1667,21.698631953152027
1668,17.955465796819446
1669,18.569030107865053
1670,13.988312358358854
1671,17.780997449800473
1672,21.69467848889378
1673,17.694126173025737
1674,20.556100770187324
1675,38.11956482250573
1676,34.98772005612282
1677,23.931845064026554
1678,36.081693620609485
1679,43.15725197281099
1680,39.584726281544604
1681,38.82311065165546
1682,54.233382585002985
1683,50.25773707967189
1684,5.528820303522092
1685,-0.7265903073723621
1686,12.355649024163533
1687,4.565343237269186
1688,0.6589794539699092
1689,17.104456610191242
1690,20.657185473631
1691,10.443813781223936
1692,8.433084608055648
1693,44.45693733587971
1694,72.23075186854908
1695,47.307483496803705
1696,48.12971144650735
1697,55.31858997735723
1698,70.7754190328632
1699,56.24750060768843
1700,46.81182646887487
1701,47.34485464124716
1702,50.99820219867155
1703,38.62627471219867
1704,29.233342166722586
1705,29.60581677020314
1706,31.33917257724896
1707,23.67826577603384
1708,32.67214447086278
1709,32.85953115933708
1710,29.26380992196529
1711,4.63135621536339
1712,5.3730976570893105
1713,20.57438958913076
1714,19.893551576314422
1715,18.562040482401063
1716,18.868258196319978
1717,13.255929974970392
1718,8.93713036899863
1719,11.7036454783565
1720,28.348462692402926
1721,33.77551478747636
1722,26.719367513184217
1723,29.495769915982912
1724,22.205543956406363
1725,16.916388198029026
1726,19.02218627244169
1727,18.605041430890164
1728,21.822438840600782
1729,10.143794097679221
1730,-1.3507682133808707
1731,8.12154256049256
1732,11.097098595205727
1733,4.1983765681149645
1734,1.8138793367583634
1735,-1.5955038959487098
1736,3.045852486194387
1737,-3.876794219870936
1738,9.496649337028735
1739,8.972691259290892
1740,8.687797092444626
1741,16.181025561371854
1742,18.92416689814233
1743,23.79446311172513
1744,28.25030633443142
1745,21.630633765969854
1746,18.776388433298642
1747,8.517365896734503
1748,13.95481522525155
1749,12.271263367262602
1750,9.427533139338411
1751,5.059710849504896
1752,8.26186827906389
1753,2.448849132446334
1754,3.751739658339506
1755,1.3459267870771168
1756,37.65366657188091
1757,19.798873203680937
1758,21.507603000528725
1759,26.533383245792244
1760,21.884500954793864
1761,5.901719178723651
1762,24.24483588879659
1763,27.710622886889478
1764,24.827886489741818
1765,13.99133931651821
1766,12.309294951202276
1767,15.393253344292685
1768,18.155355716209563
1769,13.409612567513008
1770,16.33470564389476
1771,14.348520894357204
1772,7.291673632096455
1773,7.893068165517182
1774,1.4942634987230212
1775,19.536142060038827
1776,21.646558903856025
1777,30.02864350011498
1778,27.216946793299176
1779,48.216553754627945
1780,23.568269175000466
1781,14.552973919570082
1782,14.21507304307059
1783,18.960286566861296
1784,14.5251467813818
1785,27.18771856236409
1786,40.25831013425431
1787,47.67887099312497
1788,42.789235219919334
1789,58.64782730635587
1790,64.75656490457101
1791,42.08422217884585
1792,-13.771749588172959
1793,1.1726779018587408
1794,22.038598666504367
1795,14.311385837151185
1796,29.448391382401375
1797,44.57603261934295
1798,27.361831632390352
1799,21.84752534061657
1800,19.14613648267833
1801,13.193844353681136
1802,14.57396501202794
1803,27.10177361253365
1804,16.84277337925193
1805,8.406307182817187
1806,18.902874071556596
1807,12.043979370323889
1808,9.1921950623784
1809,20.528145143899827
1810,19.66994517792397
1811,40.053495991113316
1812,35.46399177600715
1813,46.61742314883828
1814,30.749728472508515
1815,43.828096478241385
1816,36.250869100925904
1817,47.70938677293001
1818,46.77695748388454
1819,8.941308255587703
1820,12.996577645247456
1821,39.16116404347488
1822,17.668025268382706
1823,18.14466547395584
1824,15.897502600293759
1825,13.90496201244843
1826,7.272952438488698
1827,9.84485282171507
1828,15.163342804331513
1829,25.41605618732239
1830,13.167696930347848
1831,3.7545877975243744
1832,6.068485579601422
1833,19.05024664396157
1834,6.447223982522374
1835,3.572112600802506
1836,9.290383719922051
1837,18.712710901933516
1838,12.112392583358329
1839,4.3160522732714455
1840,8.004105883999255
1841,4.630277157776572
1842,3.9250863303073587
1843,3.9046721591668874
1844,8.935384023614116
1845,8.447608064804461
1846,23.09289923311687
1847,13.747581439706348
1848,18.066981638259254
1849,19.76734116132876
1850,14.222613969138209
1851,-2.3929342632312327
1852,13.46929143980163
1853,14.27398379442685
1854,8.414346456120217
1855,13.821513177370868
1856,9.987979690438697
1857,4.386751842690819
1858,8.932089732783346
1859,8.538301566041806
1860,7.101519134193648
1861,9.966701485478248
1862,5.364615162971377
1863,0.9022963382713964
1864,6.210773269577995
1865,16.42843148649307
1866,13.23987801709406
1867,18.419406637118975
1868,28.2141453263284
1869,35.12718256100176
1870,53.9801645577464
1871,70.33423943167614
1872,85.25535352770274
1873,3.5287089754952774
1874,2.909225374816476
1875,34.16036099065375
1876,6.306171061713762
1877,3.6120124938638405
1878,14.66929427714765
1879,9.575292715970852
1880,11.166552726911837
1881,16.396718793639142
1882,6.36089114163258
1883,12.764690783432407
1884,13.915734065791565
1885,13.655080725236068
1886,18.553455562471967
1887,26.490653977935416
1888,12.585903685828448
1889,6.396889199942315
1890,15.931660958695531
1891,9.32079143801208
1892,1.0670129416607672
1893,17.728459154487098
1894,23.904138159024093
1895,28.91088866374924
1896,23.660284522988327
1897,27.747490756177143
1898,18.261133057235526
1899,8.482805461919806
1900,-5.441985521658943
1901,0.8619319870271589
1902,12.589026471551502
1903,14.587064490750983
1904,16.433426551340293
1905,12.84243703620092
1906,12.872139994682072
1907,18.89845092042138
1908,27.913879177562436
1909,40.0178748067458
1910,25.900787376342883
1911,27.08586022076168
1912,34.427795442913556
1913,28.879332660863085
1914,19.558190604600608
1915,17.3633106161482
1916,23.31709845261164
1917,27.367641660896776
1918,27.679141263293527
1919,19.29006577274958
1920,13.292907860042181
1921,12.593030339267003
1922,14.349344794189044
1923,5.5465823278614295
1924,18.670706686686657
1925,14.04547223032666
1926,10.571443565766288
1927,5.499374380736853
1928,1.6055282762763419
1929,11.705067720727902
1930,15.74150978328516
1931,11.258677889787387
1932,21.44037391180743
1933,21.98505053250369
1934,20.18075128953994
1935,26.561309296613594
1936,28.167249477218498
1937,32.976312687974996
1938,75.02976352132191
1939,65.41107948219289
1940,72.90722826625245
1941,76.56726604080944
1942,57.80912684003392
1943,53.543843730378235
1944,54.55530593363212
1945,13.266627406411697
1946,1.7932799583067869
1947,35.37572249606204
1948,8.454451767475941
1949,5.288136355821033
1950,10.421749539770907
1951,9.712846591703574
1952,3.452403265609414
1953,0.8753498059716378
1954,18.66242436526942
1955,17.938760539549378
1956,11.831879166222372
1957,6.871770443697926
1958,5.802257355172678
1959,6.569935150915008
1960,12.688783824877262
1961,7.9579365811945415
1962,7.93765366286944
1963,30.976673516833777
1964,37.15873294522721
1965,28.227394108849033
1966,37.85020155538596
1967,43.485372223813535
1968,47.08942199290853
1969,35.84516128538681
1970,26.568096213420326
1971,24.467577631442616
1972,4.166562797777548
1973,-5.600521519364262
1974,5.615888614706144
1975,3.943913709225253
1976,6.247476230067969
1977,8.27321626011684
1978,18.274529737250756
1979,15.999036529907269
1980,10.18532910772824
1981,9.195462611657598
1982,12.963051708247193
1983,11.828764335449767
1984,13.500899823768563
1985,21.636750533849927
1986,21.462971463895272
1987,15.802495645296933
1988,9.900410925300637
1989,9.34465375977115
1990,115.03056932112358
1991,105.27169168505435
1992,43.88422088964412
1993,81.74434562813101
1994,88.3704541455268
1995,85.99070680078873
1996,93.95170419094305
1997,90.21180308429737
1998,75.98826105901355
1999,13.602912788756658
2000,20.323506610721687
2001,43.52021921129003
2002,4.391302106494281
2003,16.92556079699372
2004,30.80698596692563
2005,8.81620920496237
2006,2.5914178377872608
2007,10.604132859109395
2008,19.640028808317094
2009,8.376479547528556
2010,16.491726215192635
2011,22.95930553988125
2012,27.253119078814507
2013,13.45785171391524
2014,18.678412737985155
2015,16.991058607419387
2016,16.652231408647953
2017,42.73052235282404
2018,39.20768043205669
2019,29.6707525708243
2020,38.76789430144939
2021,43.247847446912075
2022,34.53741659304383
2023,40.63226619208918
2024,44.16796592964584
2025,54.54793611777978
2026,2.5059598087493633
2027,-5.03361087335896
2028,11.105873849298561
2029,8.138358879192392
2030,14.867673754534906
2031,19.403090977543233
2032,15.10152766989113
2033,14.222048972295351
2034,12.645138193476107
2035,30.487179395718478
2036,36.52480711042459
2037,26.003209991947973
2038,26.04846543773981
2039,15.608170778276595
2040,-1.581070288925721
2041,7.161164330859101
2042,13.481780578362155
2043,14.504885423923355
2044,4.748113393048607
2045,17.006322324636187
2046,9.810080788842981
2047,5.1323790502393045
2048,7.453527987117848
2049,12.391250430991807
2050,11.222169592470259
2051,12.10310546616855
2052,10.455339055521797
2053,1.9291824849155539
2054,8.124445366311562
2055,6.174551369123105
2056,1.2818294227975748
2057,4.506097018953765
2058,12.245894172012946
2059,8.377089457497839
2060,3.763426013547022
2061,9.092019850103888
2062,10.712342551944836
2063,9.54895440983195
2064,4.874383202067163
2065,20.24473001709255
2066,25.21044706363082
2067,13.44593568105267
2068,18.173424048517127
2069,36.918128089994816
2070,34.11961266812765
2071,-0.490709439330864
2072,10.410660822249957
2073,22.69014847982331
2074,5.3955615883060855
2075,13.158775443731177
2076,23.61253776267987
2077,11.804245513814333
2078,12.608491492388474
2079,9.052253582503862
2080,29.862057982973646
2081,35.6271577384773
2082,24.592345745123573
2083,31.45243262450657
2084,36.72407106287245
2085,20.87702095553002
2086,23.32037062020418
2087,30.636417459232334
2088,40.76999757268255
2089,42.070205860193525
2090,28.095562116700492
2091,20.84740432012388
2092,25.28247661605848
2093,25.198795980002707
2094,31.757122408882225
2095,29.591088301889968
2096,31.541084228449357
2097,35.75974831790672
2098,2.8392364800920866
2099,3.470193909458768
2100,11.30781755210489
2101,6.645016801897484
2102,12.494323289525902
2103,18.876382719001555
2104,12.122855100716446
2105,14.042866174390241
2106,23.112198719379094
2107,35.737456412294776
2108,38.38852914031502
2109,36.85126499323957
2110,45.20010927004616
2111,44.41456822213647
2112,46.5183230409719
2113,45.41238507349948
2114,39.857456654021014
2115,31.595486263165647
2116,43.69347970523161
2117,58.09543163827089
2118,73.27140708962818
2119,65.34664482347105
2120,63.964076949882475
2121,56.94750251593955
2122,45.05936143725392
2123,47.44792863608195
2124,50.09947955022956
2125,42.02639566497319
2126,28.370448745744476
2127,36.20262875136089
2128,35.32427579237299
2129,36.24502028965932
2130,45.34418824142878
2131,33.36255645801791
2132,39.33054099611757
2133,30.09635260157146
2134,-11.548027785700825
2135,2.885333022247316
2136,4.154834881702184
2137,-0.84682453390025
2138,5.009709583301733
2139,14.734944897509074
2140,-4.433541037626744
2141,2.31657945272669
2142,11.811946547483455
2143,21.921912046906964
2144,23.13913892144186
2145,8.363074581251443
2146,15.750997077699367
2147,8.860086267897039
2148,10.403467595690739
2149,8.564703548237146
2150,8.554846628911694
